{"cameraMode":{"drawMode":0,"name":"Shaded","section":"Shading Mode"},"sceneLighting":false,"audioPlay":false,"sceneViewState":{"m_AlwaysRefresh":false,"showFog":true,"showSkybox":false,"showFlares":true,"showImageEffects":true,"showParticleSystems":true,"showVisualEffectGraphs":true,"m_FxEnabled":true},"in2DMode":false,"pivot":{"x":0.2769284248352051,"y":1.5125312805175782,"z":-44.14178466796875},"rotation":{"x":-0.2361384779214859,"y":-0.05621429532766342,"z":0.013733316212892533,"w":-0.9699558615684509},"size":3.5719752311706545,"orthographic":true}