{"cameraMode":{"drawMode":0,"name":"Shaded","section":"Shading Mode"},"sceneLighting":true,"audioPlay":false,"sceneViewState":{"m_AlwaysRefresh":false,"showFog":true,"showSkybox":true,"showFlares":true,"showImageEffects":true,"showParticleSystems":true,"showVisualEffectGraphs":true,"m_FxEnabled":true},"in2DMode":false,"pivot":{"x":-4.249850749969482,"y":5.855561256408691,"z":7.791032791137695},"rotation":{"x":-0.20284220576286317,"y":-0.021445343270897867,"z":0.004443357232958078,"w":-0.9789655208587647},"size":4.564095973968506,"orthographic":false}